Mix_ID;Strain;Replicate;Volume;Total_volume
Mix1;So;A;810;1620
Mix1;Fn;A;810;1620
Mix2;So;A;400;1200
Mix2;Fn;A;400;1200
Mix2;Pg;A;400;1200
Mix3;So;B;300;1200
Mix3;Fn;B;300;1200
Mix3;Pg;A;300;1200
Mix3;Vp;A;300;1200
Mix4;So;B;150;1400
Mix4;Ssal;A;150;1400
Mix4;Ssan;A;75;1400
Mix4;Smi;A;75;1400
Mix4;Sg;A;150;1400
Mix4;Vp;A;150;1400
Mix4;Av;A;150;1400
Mix4;An;A;500;1400
Mix5;So;B;200;1200
Mix5;Ssal;A;200;1200
Mix5;Ssan;A;100;1200
Mix5;Smi;A;100;1200
Mix5;Sg;A;200;1200
Mix5;Smu;A;200;1200
Mix5;Ssob;A;200;1200
Mix6;Aa;A;50;1300
Mix6;Fn;B;250;1300
Mix6;Pg;A;250;1300
Mix6;Pi;A;250;1300
Mix6;Smu;A;250;1300
Mix6;Ssob;A;250;1300
Mix7;So;B;100;1220
Mix7;Ssal;A;100;1220
Mix7;Ssan;A;50;1220
Mix7;Smi;A;50;1220
Mix7;Sg;A;100;1220
Mix7;Vp;A;100;1220
Mix7;Av;A;100;1220
Mix7;An;A;100;1220
Mix7;Aa;A;20;1220
Mix7;Fn;B;100;1220
Mix7;Pg;A;100;1220
Mix7;Pi;A;100;1220
Mix7;Smu;A;100;1220
Mix7;Ssob;A;100;1220
Mix8;So;C;1000;1010
Mix8;Fn;A;10;1010
Mix9;So;C;10;1010
Mix9;Fn;C;1000;1010
