"","Kingdom","Phylum","Class","Order","Family","Genus","Species"
"ASV1","Bacteria","Firmicutes","Bacilli","Lactobacillales","Streptococcaceae","Streptococcus","mitis/pneumoniae/pseudopneumoniae"
"ASV2","Bacteria","Fusobacteriota","Fusobacteriia","Fusobacteriales","Fusobacteriaceae","Fusobacterium","nucleatum"
"ASV3","Bacteria","Fusobacteriota","Fusobacteriia","Fusobacteriales","Fusobacteriaceae","Fusobacterium","canifelinum/nucleatum"
"ASV4","Bacteria","Firmicutes","Bacilli","Lactobacillales","Lactobacillaceae","Limosilactobacillus",NA
"ASV5","Bacteria","Bacteroidota","Bacteroidia","Bacteroidales","Porphyromonadaceae","Porphyromonas","gingivalis"
"ASV6","Bacteria","Firmicutes","Bacilli","Bacillales","Bacillaceae","Bacillus",NA
"ASV7","Bacteria","Firmicutes","Bacilli","Lactobacillales","Listeriaceae","Listeria",NA
"ASV8","Bacteria","Firmicutes","Bacilli","Staphylococcales","Staphylococcaceae","Staphylococcus",NA
"ASV9","Bacteria","Firmicutes","Negativicutes","Veillonellales-Selenomonadales","Veillonellaceae","Veillonella","parvula"
"ASV10","Bacteria","Proteobacteria","Gammaproteobacteria","Enterobacterales","Enterobacteriaceae","Salmonella","enterica/phage/virus"
"ASV11","Bacteria","Proteobacteria","Gammaproteobacteria","Enterobacterales","Enterobacteriaceae","Escherichia-Shigella",NA
"ASV12","Bacteria","Firmicutes","Bacilli","Lactobacillales","Enterococcaceae","Enterococcus","durans/faecalis/faecium"
"ASV13","Bacteria","Firmicutes","Negativicutes","Veillonellales-Selenomonadales","Veillonellaceae","Veillonella","parvula"
"ASV14","Bacteria","Firmicutes","Negativicutes","Veillonellales-Selenomonadales","Veillonellaceae","Veillonella","parvula"
"ASV15","Bacteria","Firmicutes","Clostridia","Oscillospirales","Ruminococcaceae","Caproiciproducens",NA
"ASV16","Bacteria","Firmicutes","Bacilli","Staphylococcales","Staphylococcaceae","Staphylococcus","aureus"
"ASV17","Bacteria","Proteobacteria","Gammaproteobacteria","Pseudomonadales","Pseudomonadaceae","Pseudomonas",NA
"ASV18","Bacteria","Firmicutes","Bacilli","Lactobacillales","Streptococcaceae","Streptococcus",NA
"ASV19","Bacteria","Actinobacteriota","Actinobacteria","Micrococcales","Micrococcaceae","Renibacterium",NA
"ASV20","Bacteria","Firmicutes","Bacilli","Bacillales","Bacillaceae","Bacillus","intestinalis/subtilis"
"ASV21","Bacteria","Proteobacteria","Gammaproteobacteria","Enterobacterales","Enterobacteriaceae","Escherichia-Shigella",NA
"ASV22","Bacteria","Firmicutes","Bacilli","Lactobacillales","Streptococcaceae","Streptococcus",NA
"ASV23","Bacteria","Proteobacteria","Gammaproteobacteria","Enterobacterales","Enterobacteriaceae","Salmonella","enterica"
"ASV24","Bacteria","Firmicutes","Bacilli","Lactobacillales","Streptococcaceae","Streptococcus",NA
"ASV25","Bacteria","Proteobacteria","Alphaproteobacteria","Sphingomonadales","Sphingomonadaceae","Sphingomonas","kyeonggiensis/leidyi/pituitosa"
"ASV26","Bacteria","Actinobacteriota","Actinobacteria","Micrococcales","Microbacteriaceae","Microbacterium",NA
"ASV27","Bacteria","Proteobacteria","Alphaproteobacteria","Rhizobiales","Xanthobacteraceae","Afipia",NA
"ASV28","Bacteria","Proteobacteria","Alphaproteobacteria","Sphingomonadales","Sphingomonadaceae","Sphingomonas",NA
"ASV29","Bacteria","Proteobacteria","Alphaproteobacteria","Rhizobiales","Rhizobiales Incertae Sedis","Phreatobacter","stygius"
"ASV30","Bacteria","Firmicutes","Bacilli","Lactobacillales","Streptococcaceae","Streptococcus",NA
"ASV31","Bacteria","Bdellovibrionota","Oligoflexia","0319-6G20",NA,NA,NA
"ASV32","Bacteria","Proteobacteria","Alphaproteobacteria","Caulobacterales","Caulobacteraceae",NA,NA
"ASV33","Bacteria","Proteobacteria","Gammaproteobacteria","Pseudomonadales","Moraxellaceae","Enhydrobacter","aerosaccus"
"ASV34","Bacteria","Actinobacteriota","Actinobacteria","Propionibacteriales","Propionibacteriaceae","Cutibacterium","acnes/avidum"
"ASV35","Bacteria","Proteobacteria","Gammaproteobacteria","Gammaproteobacteria Incertae Sedis","Unknown Family","Acidibacter",NA
"ASV36","Bacteria","Cyanobacteria","Cyanobacteriia","Cyanobacteriales","Chroococcidiopsaceae","Crinalium SAG 22.89",NA
"ASV37","Bacteria","Proteobacteria","Alphaproteobacteria","Rhizobiales","Beijerinckiaceae","Methylobacterium-Methylorubrum",NA
"ASV38","Bacteria","Firmicutes","Bacilli","Lactobacillales","Streptococcaceae","Streptococcus","lutetiensis/salivarius/thermophilus"
"ASV39","Bacteria","Actinobacteriota","Actinobacteria","Micrococcales","Microbacteriaceae","Microbacterium",NA
"ASV40","Bacteria","Bacteroidota","Bacteroidia","Sphingobacteriales","Sphingobacteriaceae","Pedobacter",NA
"ASV41","Bacteria","Myxococcota","Polyangia","Polyangiales","Polyangiaceae","Pajaroellobacter",NA
"ASV42","Bacteria","Fusobacteriota","Fusobacteriia","Fusobacteriales","Fusobacteriaceae","Fusobacterium",NA
"ASV43","Bacteria","Cyanobacteria","Vampirivibrionia","Obscuribacterales","Obscuribacteraceae",NA,NA
"ASV44","Bacteria","Proteobacteria","Alphaproteobacteria","Rhizobiales","Xanthobacteraceae","Bradyrhizobium",NA
"ASV45","Bacteria","Cyanobacteria","Cyanobacteriia","Chloroplast",NA,NA,NA
"ASV46","Bacteria","Actinobacteriota","Actinobacteria","Micrococcales","Microbacteriaceae","Microbacterium",NA
"ASV47","Bacteria","Proteobacteria","Alphaproteobacteria","Rhizobiales","Beijerinckiaceae","Bosea",NA
"ASV48","Bacteria","Proteobacteria","Gammaproteobacteria","Pseudomonadales","Moraxellaceae","Acinetobacter",NA
"ASV49","Bacteria","Firmicutes","Bacilli","Staphylococcales","Staphylococcaceae","Staphylococcus",NA
"ASV50","Bacteria","Proteobacteria","Alphaproteobacteria","Rhizobiales","Xanthobacteraceae","Afipia",NA
"ASV51","Bacteria","Firmicutes","Bacilli","Bacillales","Bacillaceae","Bacillus",NA
"ASV52","Bacteria","Firmicutes","Bacilli","Bacillales","Bacillaceae","Bacillus","cereus/cytotoxicus/pumilus"
"ASV53","Bacteria","Proteobacteria","Alphaproteobacteria","Sphingomonadales","Sphingomonadaceae","Rhizorhapis",NA
"ASV54","Bacteria","Proteobacteria","Alphaproteobacteria","Rhizobiales","Rhizobiaceae","Phyllobacterium","brassicacearum/myrsinacearum/sophorae"
"ASV55","Bacteria","Proteobacteria","Alphaproteobacteria","Sphingomonadales","Sphingomonadaceae","Sphingomonas",NA
"ASV56","Bacteria","Proteobacteria","Alphaproteobacteria","Rhizobiales","Beijerinckiaceae","Methylobacterium-Methylorubrum",NA
"ASV57","Bacteria","Firmicutes","Bacilli","Erysipelotrichales","Erysipelotrichaceae","Catenisphaera",NA
"ASV58","Bacteria","Proteobacteria","Gammaproteobacteria","Burkholderiales","Oxalobacteraceae","Massilia",NA
"ASV59","Bacteria","Actinobacteriota","Actinobacteria","Corynebacteriales","Nocardiaceae","Rhodococcus","corynebacterioides/kroppenstedtii"
"ASV60","Bacteria","Firmicutes","Negativicutes","Veillonellales-Selenomonadales","Veillonellaceae","Dialister","invisus"
"ASV61","Bacteria","Actinobacteriota","Actinobacteria","Bifidobacteriales","Bifidobacteriaceae","Bifidobacterium",NA
"ASV62","Bacteria","Firmicutes","Clostridia","Oscillospirales","Ruminococcaceae","Subdoligranulum",NA
"ASV63","Bacteria","Firmicutes","Clostridia","Lachnospirales","Lachnospiraceae","Blautia",NA
"ASV64","Bacteria","Actinobacteriota","Actinobacteria","Micrococcales","Microbacteriaceae",NA,NA
"ASV65","Bacteria","Actinobacteriota","Actinobacteria","Bifidobacteriales","Bifidobacteriaceae","Bifidobacterium",NA
"ASV66","Bacteria","Firmicutes","Clostridia","Clostridiales","Clostridiaceae","Clostridium sensu stricto 7",NA
"ASV67","Bacteria","Cyanobacteria","Cyanobacteriia","Chloroplast",NA,NA,NA
"ASV68","Bacteria","Myxococcota","Polyangia","mle1-27",NA,NA,NA
"ASV69","Bacteria","Actinobacteriota","Actinobacteria","Frankiales","Geodermatophilaceae","Klenkia",NA
"ASV70","Bacteria","Fusobacteriota","Fusobacteriia","Fusobacteriales","Fusobacteriaceae","Fusobacterium",NA
"ASV71","Bacteria","Fusobacteriota","Fusobacteriia","Fusobacteriales","Fusobacteriaceae","Fusobacterium",NA
"ASV72","Bacteria","Fusobacteriota","Fusobacteriia","Fusobacteriales","Fusobacteriaceae",NA,NA
